{
  "results": [
    {
      "command": "rs_b3-1",
      "mean": 0.9392829211550001,
      "stddev": 0.017872899975426147,
      "median": 0.945166271855,
      "user": 0.7457885149999999,
      "system": 0.169228025,
      "min": 0.894578292855,
      "max": 0.9566961928550001,
      "times": [
        0.894578292855,
        0.932513553855,
        0.932981627855,
        0.9566961928550001,
        0.943477433855,
        0.952352634855,
        0.9517182188550001,
        0.934403607855,
        0.947252538855,
        0.946855109855
      ]
    }
  ]
}
