{
  "results": [
    {
      "command": "rs_b2-2",
      "mean": 1.266058569085,
      "stddev": 0.013781793790149018,
      "median": 1.2693833317849998,
      "user": 1.0015820400000002,
      "system": 0.23047380999999997,
      "min": 1.242039045785,
      "max": 1.2849220477849999,
      "times": [
        1.263680067785,
        1.269233553785,
        1.273511267785,
        1.280116189785,
        1.272073997785,
        1.245504498785,
        1.242039045785,
        1.269533109785,
        1.259971911785,
        1.2849220477849999
      ]
    }
  ]
}
