{
  "results": [
    {
      "command": "rs_b3-3",
      "mean": 0.8548545839899999,
      "stddev": 0.01743016694366603,
      "median": 0.84975343259,
      "user": 0.677443895,
      "system": 0.154747625,
      "min": 0.8349438225900001,
      "max": 0.8829678875900001,
      "times": [
        0.83624003559,
        0.8829678875900001,
        0.8349438225900001,
        0.8765623825900001,
        0.8462689745900001,
        0.86677292259,
        0.8379541755900001,
        0.86732877359,
        0.8465333315900001,
        0.85297353359
      ]
    }
  ]
}
