{
  "results": [
    {
      "command": "rs_b3-3",
      "mean": 1.5263000182499997,
      "stddev": 0.027684146331556928,
      "median": 1.51329408515,
      "user": 1.3868878649999998,
      "system": 0.135745235,
      "min": 1.49791014115,
      "max": 1.58420187715,
      "times": [
        1.5336712801499999,
        1.51473816415,
        1.50688191315,
        1.51185000615,
        1.49791014115,
        1.50487305815,
        1.5110293401500001,
        1.53775562015,
        1.58420187715,
        1.56008878215
      ]
    }
  ]
}
