{
  "results": [
    {
      "command": "rs_b3-2",
      "mean": 0.9295344630600001,
      "stddev": 0.02904543131052986,
      "median": 0.9300953601599999,
      "user": 0.742644105,
      "system": 0.16222008000000004,
      "min": 0.86575167366,
      "max": 0.98323562566,
      "times": [
        0.86575167366,
        0.92460435466,
        0.93423118166,
        0.94897519566,
        0.92985380166,
        0.98323562566,
        0.92836970266,
        0.9342940736600001,
        0.93033691866,
        0.91569210266
      ]
    }
  ]
}
