{
  "results": [
    {
      "command": "rs_b1",
      "mean": 2.422099161245,
      "stddev": 0.023284820312157554,
      "median": 2.4246387891450003,
      "user": 1.8975955949999999,
      "system": 0.460284995,
      "min": 2.3751602426450003,
      "max": 2.460549335645,
      "times": [
        2.3751602426450003,
        2.4023414886450003,
        2.438132061645,
        2.4265407156450003,
        2.4227368626450003,
        2.460549335645,
        2.438700130645,
        2.417137565645,
        2.4303360396450002,
        2.4093571696450002
      ]
    }
  ]
}
