{
  "results": [
    {
      "command": "rs_b2-2",
      "mean": 2.1057892308,
      "stddev": 0.028396627125850223,
      "median": 2.0976875887,
      "user": 1.8869358299999999,
      "system": 0.21577669500000002,
      "min": 2.0661984822,
      "max": 2.1499228672,
      "times": [
        2.1371053972,
        2.1096701481999998,
        2.1417699482,
        2.0935142032,
        2.1499228672,
        2.0917613172,
        2.0882501581999997,
        2.0778388122,
        2.1018609742,
        2.0661984822
      ]
    }
  ]
}
