{
  "results": [
    {
      "command": "rs_b2-3",
      "mean": 1.26107414264,
      "stddev": 0.033904762335207436,
      "median": 1.27154545714,
      "user": 0.9941673299999998,
      "system": 0.236533075,
      "min": 1.18520753014,
      "max": 1.29789413014,
      "times": [
        1.18520753014,
        1.2457357151400001,
        1.22733257114,
        1.27056408314,
        1.27252683114,
        1.26136281514,
        1.28559959714,
        1.29789413014,
        1.2906308641400002,
        1.2738872891400002
      ]
    }
  ]
}
