{
  "results": [
    {
      "command": "rs_b3-2",
      "mean": 1.6760855673950004,
      "stddev": 0.024834150910697805,
      "median": 1.6698620712950003,
      "user": 1.528395875,
      "system": 0.14589338,
      "min": 1.644249778295,
      "max": 1.7156816562950001,
      "times": [
        1.6908565852950002,
        1.7156816562950001,
        1.659078287295,
        1.644249778295,
        1.6494614332950002,
        1.7137020392950002,
        1.685146835295,
        1.6629549162950001,
        1.6681315602950002,
        1.6715925822950002
      ]
    }
  ]
}
