{
  "results": [
    {
      "command": "rs_b1",
      "mean": 3.2974152324499997,
      "stddev": 0.06614668862477922,
      "median": 3.27445799225,
      "user": 2.8465752549999994,
      "system": 0.43590298499999997,
      "min": 3.24096245025,
      "max": 3.45347436725,
      "times": [
        3.26153003225,
        3.28356658425,
        3.24448682325,
        3.2850754902499997,
        3.30953157125,
        3.26215289725,
        3.45347436725,
        3.24096245025,
        3.26534940025,
        3.36802270825
      ]
    }
  ]
}
