{
  "results": [
    {
      "command": "rs_b2-3",
      "mean": 2.1442392244849997,
      "stddev": 0.010498445184285983,
      "median": 2.147348252185,
      "user": 1.93131552,
      "system": 0.210552585,
      "min": 2.125034441685,
      "max": 2.157729210685,
      "times": [
        2.138637055685,
        2.1506488396849996,
        2.1523555646849997,
        2.1466600036849997,
        2.1459599896849997,
        2.125034441685,
        2.148036500685,
        2.128238599685,
        2.1490920386849997,
        2.157729210685
      ]
    }
  ]
}
