{
  "results": [
    {
      "command": "rs_b4",
      "mean": 1.4214729019349999,
      "stddev": 0.0167163524399351,
      "median": 1.4202848541350002,
      "user": 1.295676735,
      "system": 0.12427858499999997,
      "min": 1.404145268635,
      "max": 1.4597054466350001,
      "times": [
        1.4341452036350002,
        1.4597054466350001,
        1.419062793635,
        1.4215069146350001,
        1.425592331635,
        1.4256012746350002,
        1.404220596635,
        1.4083061966350001,
        1.404145268635,
        1.4124429926350002
      ]
    }
  ]
}
