{
  "results": [
    {
      "command": "rs_b4",
      "mean": 0.730249032055,
      "stddev": 0.012062268429900332,
      "median": 0.7261208666550001,
      "user": 0.579136205,
      "system": 0.132200225,
      "min": 0.716114505655,
      "max": 0.751766084655,
      "times": [
        0.719227942655,
        0.740974093655,
        0.729725360655,
        0.7439599636550001,
        0.751766084655,
        0.722516372655,
        0.734615596655,
        0.722083121655,
        0.721507278655,
        0.716114505655
      ]
    }
  ]
}
