{
  "results": [
    {
      "command": "rs_b3-1",
      "mean": 1.7202180231700002,
      "stddev": 0.028493154181496252,
      "median": 1.7115646668700002,
      "user": 1.57131944,
      "system": 0.146885175,
      "min": 1.68589079087,
      "max": 1.7630586698700002,
      "times": [
        1.70373773587,
        1.75713845887,
        1.7193915978700003,
        1.70173767887,
        1.6945430448700003,
        1.68589079087,
        1.69338427187,
        1.7630586698700002,
        1.7446744308700002,
        1.7386235518700002
      ]
    }
  ]
}
