{
  "results": [
    {
      "command": "rs_b2-1",
      "mean": 1.389010911085,
      "stddev": 0.020730214843473316,
      "median": 1.385093677185,
      "user": 1.08998927,
      "system": 0.26080361,
      "min": 1.368223756185,
      "max": 1.437237887185,
      "times": [
        1.404529895185,
        1.385689172185,
        1.388877964185,
        1.370647583185,
        1.384498182185,
        1.437237887185,
        1.378173307185,
        1.3725871221850001,
        1.368223756185,
        1.399644241185
      ]
    }
  ]
}
