{
  "results": [
    {
      "command": "rs_b2-1",
      "mean": 2.2778691551750003,
      "stddev": 0.018235183176023777,
      "median": 2.280628380375,
      "user": 2.028483565,
      "system": 0.24556496999999994,
      "min": 2.255126100875,
      "max": 2.313527767875,
      "times": [
        2.286060948875,
        2.256447359875,
        2.255126100875,
        2.288682432875,
        2.257867381875,
        2.2752042228750002,
        2.2860525378750003,
        2.286142703875,
        2.313527767875,
        2.2735800948750002
      ]
    }
  ]
}
