{
  "results": [
    {
      "command": "rs_b2-2",
      "mean": 1.6910732789999998,
      "stddev": 0.0648152478349115,
      "median": 1.6961128189999999,
      "user": 1.3995711199999996,
      "system": 0.267485195,
      "min": 1.559254269,
      "max": 1.8096024689999999,
      "times": [
        1.732622669,
        1.726197469,
        1.6476828689999998,
        1.707764969,
        1.668981769,
        1.7036877689999999,
        1.666400669,
        1.688537869,
        1.8096024689999999,
        1.559254269
      ]
    }
  ]
}
