{
  "results": [
    {
      "command": "rs_b3-3",
      "mean": 1.1389796374999999,
      "stddev": 0.01934367743619775,
      "median": 1.1352519074999998,
      "user": 0.980840965,
      "system": 0.15663801,
      "min": 1.1182490075,
      "max": 1.1774760075,
      "times": [
        1.1236747075,
        1.1659016075,
        1.1331811075,
        1.1373227074999999,
        1.1774760075,
        1.1241159075,
        1.1456746075,
        1.1250269075,
        1.1182490075,
        1.1391738075
      ]
    }
  ]
}
