{
  "results": [
    {
      "command": "rs_b2-3",
      "mean": 1.7961045800000002,
      "stddev": 0.09896191075629719,
      "median": 1.8141579,
      "user": 1.4263714250000001,
      "system": 0.345827125,
      "min": 1.6029653000000001,
      "max": 1.9344825,
      "times": [
        1.7979745,
        1.8303413000000002,
        1.9344825,
        1.8939755,
        1.7737553,
        1.869249,
        1.8316399,
        1.7210881,
        1.6029653000000001,
        1.7055744000000002
      ]
    }
  ]
}
