{
  "results": [
    {
      "command": "rs_b2-2",
      "mean": 1.707715582,
      "stddev": 0.05157660084334216,
      "median": 1.7050464020000002,
      "user": 1.4375810299999998,
      "system": 0.24359093,
      "min": 1.602170952,
      "max": 1.771952552,
      "times": [
        1.602170952,
        1.7684766520000001,
        1.7114302520000002,
        1.6746221520000002,
        1.6741915520000001,
        1.7517789520000002,
        1.730527652,
        1.698662552,
        1.693342552,
        1.771952552
      ]
    }
  ]
}
