{
  "results": [
    {
      "command": "rs_b4",
      "mean": 1.1059614915,
      "stddev": 0.029510888725050866,
      "median": 1.0967726115,
      "user": 0.9630961599999999,
      "system": 0.133832175,
      "min": 1.0754852615000001,
      "max": 1.1588847615000002,
      "times": [
        1.0819351615000001,
        1.0754852615000001,
        1.1084919615000002,
        1.0881264615000001,
        1.1575919615,
        1.1065330615000002,
        1.0890210615,
        1.1588847615000002,
        1.1032811615000002,
        1.0902640615
      ]
    }
  ]
}
