{
  "results": [
    {
      "command": "rs_b1",
      "mean": 3.1629549160000003,
      "stddev": 0.141244221774424,
      "median": 3.173889076,
      "user": 2.6300223899999997,
      "system": 0.4923296649999999,
      "min": 2.921798676,
      "max": 3.337515176,
      "times": [
        2.933475476,
        3.2775297759999997,
        2.921798676,
        3.163088176,
        3.1341521759999997,
        3.139215576,
        3.184689976,
        3.249561476,
        3.337515176,
        3.288522676
      ]
    }
  ]
}
