{
  "results": [
    {
      "command": "rs_b1",
      "mean": 3.421815391,
      "stddev": 0.3796104518599662,
      "median": 3.2710063810000003,
      "user": 2.74319723,
      "system": 0.643539795,
      "min": 3.156878281,
      "max": 4.423332581,
      "times": [
        3.182199181,
        3.407739681,
        3.224476181,
        3.278842381,
        3.445775781,
        4.423332581,
        3.619037481,
        3.263170381,
        3.216701981,
        3.156878281
      ]
    }
  ]
}
