{
  "results": [
    {
      "command": "rs_b2-1",
      "mean": 2.0672143199999997,
      "stddev": 0.08214130187366225,
      "median": 2.07731935,
      "user": 1.591765645,
      "system": 0.445546795,
      "min": 1.93630525,
      "max": 2.17400955,
      "times": [
        1.93630525,
        1.96720375,
        2.01393375,
        2.0645541499999998,
        2.01734925,
        2.17400955,
        2.14202235,
        2.16483015,
        2.09008455,
        2.10185045
      ]
    }
  ]
}
