{
  "results": [
    {
      "command": "rs_b4",
      "mean": 1.0947673225,
      "stddev": 0.04626363719676971,
      "median": 1.0848419825,
      "user": 0.9562728649999999,
      "system": 0.13413643,
      "min": 1.0287207325,
      "max": 1.1872714325,
      "times": [
        1.1450262325,
        1.1872714325,
        1.1144395325,
        1.0287207325,
        1.0521364325,
        1.0795430325,
        1.1089602325,
        1.0901409325,
        1.0717130325,
        1.0697216325
      ]
    }
  ]
}
