{
  "results": [
    {
      "command": "rs_b2-1",
      "mean": 1.8434876875000001,
      "stddev": 0.07387562055061335,
      "median": 1.8388081975000001,
      "user": 1.5737387899999997,
      "system": 0.22757644999999999,
      "min": 1.7469362475,
      "max": 2.0015862474999997,
      "times": [
        2.0015862474999997,
        1.9229688475000002,
        1.7469362475,
        1.7755472475000003,
        1.7860536475000002,
        1.8364539475000001,
        1.8411624475000001,
        1.8507692475000002,
        1.8231119475000002,
        1.8502870475000002
      ]
    }
  ]
}
