{
  "results": [
    {
      "command": "rs_b3-1",
      "mean": 1.266253866,
      "stddev": 0.03297180538972991,
      "median": 1.264292226,
      "user": 1.116150975,
      "system": 0.15016712499999998,
      "min": 1.208955026,
      "max": 1.316745726,
      "times": [
        1.316745726,
        1.2959120259999999,
        1.270211526,
        1.298857526,
        1.255576826,
        1.252968326,
        1.258372926,
        1.277576826,
        1.227361926,
        1.208955026
      ]
    }
  ]
}
