{
  "results": [
    {
      "command": "rs_b2-3",
      "mean": 1.6577559485000002,
      "stddev": 0.04422659723570198,
      "median": 1.6553251785,
      "user": 1.4185066750000002,
      "system": 0.20884469499999997,
      "min": 1.5747015785,
      "max": 1.7270845785000002,
      "times": [
        1.5747015785,
        1.7020846785000001,
        1.6850880785000002,
        1.6821212785000001,
        1.6702953785,
        1.6319327785000002,
        1.7270845785000002,
        1.6401556785000002,
        1.6237404785000003,
        1.6403549785
      ]
    }
  ]
}
