{
  "results": [
    {
      "command": "rs_b3-1",
      "mean": 1.2533093195000002,
      "stddev": 0.013046024004138434,
      "median": 1.2518457294999998,
      "user": 1.086254225,
      "system": 0.16443412999999996,
      "min": 1.2372897295,
      "max": 1.2797803295,
      "times": [
        1.2473289295,
        1.2797803295,
        1.2493071295,
        1.2403827295,
        1.2622081295,
        1.2372897295,
        1.2543843295,
        1.2422430295,
        1.2656051295000001,
        1.2545637295
      ]
    }
  ]
}
