{
  "results": [
    {
      "command": "rs_b3-3",
      "mean": 1.1439255835000002,
      "stddev": 0.037632411625819435,
      "median": 1.1423536135,
      "user": 1.008680665,
      "system": 0.132516595,
      "min": 1.0948716635000002,
      "max": 1.2097844635000001,
      "times": [
        1.1222934635000001,
        1.1002199635,
        1.1213913635000001,
        1.1951723635,
        1.2097844635000001,
        1.0948716635000002,
        1.1414296635,
        1.1432775635,
        1.1449284635,
        1.1658868635000001
      ]
    }
  ]
}
