{
  "results": [
    {
      "command": "rs_b3-2",
      "mean": 1.3075817630000002,
      "stddev": 0.051733832847283466,
      "median": 1.298716433,
      "user": 1.12647602,
      "system": 0.179428495,
      "min": 1.242261183,
      "max": 1.3925857830000001,
      "times": [
        1.242261183,
        1.2467719830000001,
        1.266707083,
        1.291037683,
        1.3925857830000001,
        1.332819983,
        1.303728183,
        1.384441083,
        1.3217599830000002,
        1.293704683
      ]
    }
  ]
}
