{
  "results": [
    {
      "command": "rs_b3-2",
      "mean": 1.2269507379999998,
      "stddev": 0.02989222225134825,
      "median": 1.220083308,
      "user": 1.0930824199999998,
      "system": 0.13348796,
      "min": 1.190752358,
      "max": 1.2879584579999999,
      "times": [
        1.190752358,
        1.252022258,
        1.2879584579999999,
        1.204193358,
        1.210402158,
        1.229764458,
        1.245692058,
        1.2092953579999999,
        1.199543158,
        1.239883758
      ]
    }
  ]
}
